{"accuracy": 0.8222222222222222, "f1_score": 0.8095238095238095, "roc_auc": 0.8319838056680162}